-100.0,0.0,321.10281808035717
-100.0,3.0,321.33720470610126
-100.0,6.0,322.06420898437494
-100.0,9.0,322.98658389136904
-100.0,12.0,324.55160667782746
-100.0,15.0,326.7771577380952
-100.0,18.0,329.32697405133933
-100.0,21.0,332.13769531249994
-100.0,24.0,335.0129278273809
-100.0,27.0,337.8120233444941
-100.0,30.0,340.9874209449405
-100.0,33.0,344.5018601190474
-100.0,36.0,348.3972865513393
-100.0,39.0,352.5101376488095
-100.0,42.0,356.7731352306548
-100.0,45.0,361.0748814174108
-100.0,48.0,365.3711867559524
-100.0,51.0,369.6523204985118
-100.0,54.0,374.1253952752976
-100.0,57.0,378.5611049107144
-100.0,60.0,382.83283342633933
-100.0,63.0,386.60452706473217
-100.0,66.0,390.0291806175596
-100.0,69.0,393.2273530505953
-100.0,72.0,396.29685174851204
-100.0,75.0,399.04102725074404
-100.0,78.0,401.40940057663687
-100.0,81.0,403.42008463541674
-100.0,84.0,404.9020879836309
-100.0,87.0,405.98103841145837
-100.0,90.0,406.81370907738085
-100.0,93.0,407.45977492559535
-100.0,96.0,407.8475981212797
-100.0,99.0,407.9838053385417
-100.0,102.0,407.90809849330344
-100.0,105.0,407.62835984002976
-100.0,108.0,407.2786690848215
-100.0,111.0,406.8631068638394
-100.0,114.0,406.4093308221726
-100.0,117.0,406.05297851562494
-100.0,120.0,405.6551455543155
-100.0,123.0,404.88147553943446
-100.0,126.0,404.01071893601187
-100.0,129.0,403.1612490699404
-100.0,132.0,402.4990931919643
-100.0,135.0,401.75020926339283
-100.0,138.0,400.88839285714283
-100.0,141.0,399.76499720982133
-100.0,144.0,398.4126674107142
-100.0,147.0,397.15512230282735
-100.0,150.0,395.8823939732142
-100.0,153.0,394.48053850446433
-100.0,156.0,392.99237351190476
-100.0,159.0,391.38819521949404
-100.0,162.0,389.6947195870535
-100.0,165.0,388.1862676711311
-100.0,168.0,386.8159063430059
-100.0,171.0,385.63045247395854
-100.0,174.0,384.84528459821433
-100.0,177.0,384.3567243303573
-100.0,180.0,384.25013950892856
-90.0,0.0,326.1167689732143
-90.0,3.0,326.29642159598217
-90.0,6.0,326.9355352492559
-90.0,9.0,327.84913271949404
-90.0,12.0,329.4484281994047
-90.0,15.0,331.70634533110115
-90.0,18.0,334.3300664992559
-90.0,21.0,337.18736049107156
-90.0,24.0,340.0475609188988
-90.0,27.0,342.8674200148809
-90.0,30.0,346.0297270275298
-90.0,33.0,349.52101934523813
-90.0,36.0,353.38841610863085
-90.0,39.0,357.40122767857144
-90.0,42.0,361.545921688988
-90.0,45.0,365.69855608258945
-90.0,48.0,369.7642764136905
-90.0,51.0,373.8842540922618
-90.0,54.0,378.20690336681554
-90.0,57.0,382.51043991815476
-90.0,60.0,386.6197451636905
-90.0,63.0,390.22180757068446
-90.0,66.0,393.48631649925585
-90.0,69.0,396.5458403087798
-90.0,72.0,399.4850376674107
-90.0,75.0,402.0791248139883
-90.0,78.0,404.31669689360115
-90.0,81.0,406.14441499255946
-90.0,84.0,407.4146437872025
-90.0,87.0,408.24815150669656
-90.0,90.0,408.87025669642844
-90.0,93.0,409.2648577008929
-90.0,96.0,409.3572242373511
-90.0,99.0,409.27198428199404
-90.0,102.0,409.01569475446456
-90.0,105.0,408.5236467633929
-90.0,108.0,407.9815150669642
-90.0,111.0,407.319591703869
-90.0,114.0,406.71218145461313
-90.0,117.0,406.17543247767856
-90.0,120.0,405.5630231584821
-90.0,123.0,404.6189313616071
-90.0,126.0,403.58278692336313
-90.0,129.0,402.6635393415178
-90.0,132.0,401.86878022693446
-90.0,135.0,400.97645786830356
-90.0,138.0,399.9361746651786
-90.0,141.0,398.6364629836309
-90.0,144.0,397.15530831473217
-90.0,147.0,395.86518787202385
-90.0,150.0,394.53144763764885
-90.0,153.0,393.05203683035717
-90.0,156.0,391.51831054687506
-90.0,159.0,389.9865722656248
-90.0,162.0,388.3085472470238
-90.0,165.0,386.7908761160715
-90.0,168.0,385.54690987723217
-90.0,171.0,384.3971354166667
-90.0,174.0,383.61037481398813
-90.0,177.0,383.158191499256
-90.0,180.0,382.97084263392856
-80.0,0.0,331.2158203125
-80.0,3.0,331.33689081101187
-80.0,6.0,331.93493071056554
-80.0,9.0,332.8550618489583
-80.0,12.0,334.49673316592265
-80.0,15.0,336.7935384114583
-80.0,18.0,339.4753534226192
-80.0,21.0,342.37172154017856
-80.0,24.0,345.22187732514885
-80.0,27.0,348.06220935639885
-80.0,30.0,351.19799804687483
-80.0,33.0,354.6735491071429
-80.0,36.0,358.46606445312494
-80.0,39.0,362.3622698102679
-80.0,42.0,366.3683500744046
-80.0,45.0,370.29182942708326
-80.0,48.0,374.1815824962797
-80.0,51.0,378.119640531994
-80.0,54.0,382.27293759300596
-80.0,57.0,386.46218145461313
-80.0,60.0,390.39356631324415
-80.0,63.0,393.83715820312494
-80.0,66.0,396.9284202938988
-80.0,69.0,399.88313802083337
-80.0,72.0,402.66849190848217
-80.0,75.0,405.1025971912201
-80.0,78.0,407.17109607514874
-80.0,81.0,408.8134068080358
-80.0,84.0,409.8587123325893
-80.0,87.0,410.44840494791663
-80.0,90.0,410.86871047247024
-80.0,93.0,410.96093750000006
-80.0,96.0,410.76550874255946
-80.0,99.0,410.4629952566965
-80.0,102.0,410.0204496837799
-80.0,105.0,409.3354143415177
-80.0,108.0,408.5316103980655
-80.0,111.0,407.6856980096725
-80.0,114.0,406.93427966889885
-80.0,117.0,406.17200288318446
-80.0,120.0,405.34399414062506
-80.0,123.0,404.1960216703868
-80.0,126.0,402.9996861049108
-80.0,129.0,402.0098237537202
-80.0,132.0,401.05425734747035
-80.0,135.0,400.0103817894345
-80.0,138.0,398.7366303943452
-80.0,141.0,397.20014880952385
-80.0,144.0,395.66163271949415
-80.0,147.0,394.27741350446445
-80.0,150.0,392.9012741815476
-80.0,153.0,391.4091913132441
-80.0,156.0,389.8452032180061
-80.0,159.0,388.32189360119054
-80.0,162.0,386.6921851748512
-80.0,165.0,385.1903018043155
-80.0,168.0,384.0103817894346
-80.0,171.0,382.98109654017856
-80.0,174.0,382.2409202938988
-80.0,177.0,381.814208984375
-80.0,180.0,381.62667410714283
-70.0,0.0,336.2534877232143
-70.0,3.0,336.4675641741073
-70.0,6.0,337.0747651599702
-70.0,9.0,338.00845191592254
-70.0,12.0,339.6978352864583
-70.0,15.0,342.0451776413689
-70.0,18.0,344.76975213913676
-70.0,21.0,347.68648856026783
-70.0,24.0,350.54588681175585
-70.0,27.0,353.3924153645834
-70.0,30.0,356.4982328869048
-70.0,33.0,359.95025344122024
-70.0,36.0,363.6171293712797
-70.0,39.0,367.3859979538691
-70.0,42.0,371.2035551525298
-70.0,45.0,374.88766043526783
-70.0,48.0,378.5753813244048
-70.0,51.0,382.3555036272322
-70.0,54.0,386.35287620907735
-70.0,57.0,390.39004371279765
-70.0,60.0,394.14292689732156
-70.0,63.0,397.43323335193446
-70.0,66.0,400.3745698474703
-70.0,69.0,403.2190057663691
-70.0,72.0,405.85270182291663
-70.0,75.0,408.1140136718751
-70.0,78.0,409.9813058035714
-70.0,81.0,411.39204334077385
-70.0,84.0,412.2223888578869
-70.0,87.0,412.57850864955344
-70.0,90.0,412.7617187499998
-70.0,93.0,412.53340076264885
-70.0,96.0,412.0922851562499
-70.0,99.0,411.55875651041663
-70.0,102.0,410.9032738095239
-70.0,105.0,409.99200148809524
-70.0,108.0,408.95465959821416
-70.0,111.0,407.9579613095238
-70.0,114.0,407.025623139881
-70.0,117.0,406.0562220982143
-70.0,120.0,404.9897112165178
-70.0,123.0,403.6322544642858
-70.0,126.0,402.2988862537201
-70.0,129.0,401.18288457961313
-70.0,132.0,400.08203125
-70.0,135.0,398.84084356398824
-70.0,138.0,397.27768089657746
-70.0,141.0,395.5357840401785
-70.0,144.0,393.94166201636904
-70.0,147.0,392.4388137090775
-70.0,150.0,390.97341192336313
-70.0,153.0,389.47364443824404
-70.0,156.0,387.9191196986607
-70.0,159.0,386.36086309523813
-70.0,162.0,384.71658761160717
-70.0,165.0,383.1608537946429
-70.0,168.0,381.95851934523824
-70.0,171.0,380.8537132626488
-70.0,174.0,379.9280831473214
-70.0,177.0,379.32612537202385
-70.0,180.0,379.1357421875
-60.0,0.0,341.4488002232143
-60.0,3.0,341.6681896391368
-60.0,6.0,342.35742187500006
-60.0,9.0,343.32352120535705
-60.0,12.0,345.0555710565476
-60.0,15.0,347.4673665364582
-60.0,18.0,350.19076683407746
-60.0,21.0,353.1361142113094
-60.0,24.0,356.00508045014885
-60.0,27.0,358.8574451264882
-60.0,30.0,361.9318033854167
-60.0,33.0,365.31587146577385
-60.0,36.0,368.84436616443463
-60.0,39.0,372.44774228050596
-60.0,42.0,376.0314825148809
-60.0,45.0,379.4868745349702
-60.0,48.0,382.935070219494
-60.0,51.0,386.5847400483632
-60.0,54.0,390.4475678943452
-60.0,57.0,394.2825404575893
-60.0,60.0,397.8580496651786
-60.0,63.0,401.00688244047615
-60.0,66.0,403.83878580729174
-60.0,69.0,406.5658249627975
-60.0,72.0,409.0320754278273
-60.0,75.0,411.0961797805059
-60.0,78.0,412.7327008928572
-60.0,81.0,413.9064243861609
-60.0,84.0,414.5094401041667
-60.0,87.0,414.63362630208337
-60.0,90.0,414.52435593377965
-60.0,93.0,414.0158110119047
-60.0,96.0,413.32320731026783
-60.0,99.0,412.5545247395833
-60.0,102.0,411.64207821800596
-60.0,105.0,410.4751441592262
-60.0,108.0,409.282970610119
-60.0,111.0,408.14754231770814
-60.0,114.0,407.0169038318452
-60.0,117.0,405.8371465773811
-60.0,120.0,404.52922712053555
-60.0,123.0,402.94632393973205
-60.0,126.0,401.4764927455357
-60.0,129.0,400.15368071056537
-60.0,132.0,398.92480468749983
-60.0,135.0,397.4426850818453
-60.0,138.0,395.57060314360103
-60.0,141.0,393.67522321428567
-60.0,144.0,391.99490792410717
-60.0,147.0,390.34278506324387
-60.0,150.0,388.7550339471727
-60.0,153.0,387.15618024553567
-60.0,156.0,385.5193801153276
-60.0,159.0,383.8292178199405
-60.0,162.0,382.1372767857141
-60.0,165.0,380.54514276413687
-60.0,168.0,379.18090820312494
-60.0,171.0,377.8674548921131
-60.0,174.0,376.8724539620535
-60.0,177.0,376.17297944568446
-60.0,180.0,375.90611049107144
-50.0,0.0,346.79129464285717
-50.0,3.0,347.0429920014881
-50.0,6.0,347.7455240885417
-50.0,9.0,348.7994442894346
-50.0,12.0,350.5744745163689
-50.0,15.0,353.03125
-50.0,18.0,355.7426292782738
-50.0,21.0,358.71814546130963
-50.0,24.0,361.6024228050596
-50.0,27.0,364.4614606584821
-50.0,30.0,367.46621558779765
-50.0,33.0,370.75791713169633
-50.0,36.0,374.1326032366072
-50.0,39.0,377.51135835193463
-50.0,42.0,380.8689197358631
-50.0,45.0,384.0530482700894
-50.0,48.0,387.27906436011904
-50.0,51.0,390.8029668898811
-50.0,54.0,394.52797154017844
-50.0,57.0,398.1277320498511
-50.0,60.0,401.54006231398824
-50.0,63.0,404.5846121651782
-50.0,66.0,407.315185546875
-50.0,69.0,409.9039481026786
-50.0,72.0,412.1916271391369
-50.0,75.0,414.0177525111608
-50.0,78.0,415.43422154017856
-50.0,81.0,416.3790573846728
-50.0,84.0,416.7241792224701
-50.0,87.0,416.59622628348217
-50.0,90.0,416.1515997023811
-50.0,93.0,415.38439360119054
-50.0,96.0,414.4381742931548
-50.0,99.0,413.41462053571433
-50.0,102.0,412.2481515066964
-50.0,105.0,410.8546549479168
-50.0,108.0,409.51427641369054
-50.0,111.0,408.2267950148808
-50.0,114.0,406.8855212983632
-50.0,117.0,405.5155436197918
-50.0,120.0,403.965843563988
-50.0,123.0,402.17177036830356
-50.0,126.0,400.5271577380951
-50.0,129.0,399.01944986979174
-50.0,132.0,397.5719633556548
-50.0,135.0,395.78998093377976
-50.0,138.0,393.66831752232156
-50.0,141.0,391.6289876302082
-50.0,144.0,389.79917689732156
-50.0,147.0,387.9398367745536
-50.0,150.0,386.1538667224702
-50.0,153.0,384.31968470982133
-50.0,156.0,382.44592866443446
-50.0,159.0,380.5395159040177
-50.0,162.0,378.706031436012
-50.0,165.0,376.96329752604186
-50.0,168.0,375.34778413318446
-50.0,171.0,373.92636253720235
-50.0,174.0,372.9089239211309
-50.0,177.0,371.9801199776785
-50.0,180.0,371.5785435267857
-40.0,0.0,352.32491629464283
-40.0,3.0,352.6189778645832
-40.0,6.0,353.2851446242561
-40.0,9.0,354.4031459263393
-40.0,12.0,356.21121651785705
-40.0,15.0,358.7036481584823
-40.0,18.0,361.4296642485119
-40.0,21.0,364.44927687872024
-40.0,24.0,367.33335658482144
-40.0,27.0,370.1575288318452
-40.0,30.0,373.06503441220246
-40.0,33.0,376.2322823660714
-40.0,36.0,379.41438802083354
-40.0,39.0,382.5818336123512
-40.0,42.0,385.68264043898813
-40.0,45.0,388.5801130022321
-40.0,48.0,391.6278366815476
-40.0,51.0,395.03559802827374
-40.0,54.0,398.57412574404765
-40.0,57.0,401.92379324776783
-40.0,60.0,405.1845238095237
-40.0,63.0,408.13895089285717
-40.0,66.0,410.7833658854167
-40.0,69.0,413.20701962425585
-40.0,72.0,415.32228887648813
-40.0,75.0,416.90048363095235
-40.0,78.0,418.07567196800596
-40.0,81.0,418.7920968191965
-40.0,84.0,418.84015764508945
-40.0,87.0,418.4317103794641
-40.0,90.0,417.62812732514885
-40.0,93.0,416.6578078497025
-40.0,96.0,415.4581124441962
-40.0,99.0,414.16149321056554
-40.0,102.0,412.73127092633956
-40.0,105.0,411.15103004092254
-40.0,108.0,409.63888113839283
-40.0,111.0,408.1884533110119
-40.0,114.0,406.6601446242558
-40.0,117.0,405.0999581473216
-40.0,120.0,403.291224888393
-40.0,123.0,401.28552827380946
-40.0,126.0,399.45095098586296
-40.0,129.0,397.75191824776783
-40.0,132.0,396.0459914434525
-40.0,135.0,393.9169805617559
-40.0,138.0,391.5719517299108
-40.0,141.0,389.3969145275298
-40.0,144.0,387.35365513392867
-40.0,147.0,385.2356538318453
-40.0,150.0,383.18787202380946
-40.0,153.0,381.03950427827385
-40.0,156.0,378.8742210751488
-40.0,159.0,376.76779901413687
-40.0,162.0,374.7327241443451
-40.0,165.0,372.7920851934523
-40.0,168.0,370.9840727306548
-40.0,171.0,369.5242629278274
-40.0,174.0,368.37576729910705
-40.0,177.0,367.30385044642844
-40.0,180.0,366.8638392857143
-30.0,0.0,358.0922154017857
-30.0,3.0,358.3851725260417
-30.0,6.0,358.9525204613096
-30.0,9.0,360.0507347470239
-30.0,12.0,361.93318684895826
-30.0,15.0,364.4957914806549
-30.0,18.0,367.25288318452374
-30.0,21.0,370.28287760416663
-30.0,24.0,373.1607724144346
-30.0,27.0,375.91591099330356
-30.0,30.0,378.71014694940493
-30.0,33.0,381.6907203311012
-30.0,36.0,384.6765718005951
-30.0,39.0,387.638695126488
-30.0,42.0,390.43631417410717
-30.0,45.0,393.0898204985119
-30.0,48.0,395.96831984747024
-30.0,51.0,399.24391973586313
-30.0,54.0,402.5530250186012
-30.0,57.0,405.6982654389881
-30.0,60.0,408.80881463913676
-30.0,63.0,411.67866443452385
-30.0,66.0,414.2265159970239
-30.0,69.0,416.49519856770837
-30.0,72.0,418.4053315662203
-30.0,75.0,419.7523832775297
-30.0,78.0,420.6483561197917
-30.0,81.0,421.1093982514882
-30.0,84.0,420.8641299293155
-30.0,87.0,420.1350911458333
-30.0,90.0,419.0089634486607
-30.0,93.0,417.79170154389885
-30.0,96.0,416.3294735863095
-30.0,99.0,414.78404017857133
-30.0,102.0,413.111793154762
-30.0,105.0,411.33712332589283
-30.0,108.0,409.68268694196416
-30.0,111.0,408.05610584077385
-30.0,114.0,406.3438662574406
-30.0,117.0,404.5680106026785
-30.0,120.0,402.4741210937499
-30.0,123.0,400.28348214285694
-30.0,126.0,398.2389555431547
-30.0,129.0,396.33970424107144
-30.0,132.0,394.31101190476176
-30.0,135.0,391.85935174851176
-30.0,138.0,389.3181268601191
-30.0,141.0,386.9393136160713
-30.0,144.0,384.6347888764881
-30.0,147.0,382.2836681547619
-30.0,150.0,379.916027250744
-30.0,153.0,377.45407831101204
-30.0,156.0,375.00889369419656
-30.0,159.0,372.67582775297615
-30.0,162.0,370.44101097470246
-30.0,165.0,368.3711286272321
-30.0,168.0,366.54983956473217
-30.0,171.0,365.0868094308034
-30.0,174.0,363.85577101934524
-30.0,177.0,362.806617373512
-30.0,180.0,362.36049107142856
-20.0,0.0,363.81766183035717
-20.0,3.0,364.10206240699415
-20.0,6.0,364.67143322172626
-20.0,9.0,365.7712286086309
-20.0,12.0,367.71273949032746
-20.0,15.0,370.34743536086296
-20.0,18.0,373.1459960937499
-20.0,21.0,376.16786411830356
-20.0,24.0,379.01529947916674
-20.0,27.0,381.6582496279764
-20.0,30.0,384.2738560267856
-20.0,33.0,387.10834030877976
-20.0,36.0,389.898193359375
-20.0,39.0,392.6080496651785
-20.0,42.0,395.1215239025297
-20.0,45.0,397.59141322544633
-20.0,48.0,400.32506742931554
-20.0,51.0,403.4003208705358
-20.0,54.0,406.4882928757441
-20.0,57.0,409.4294666108631
-20.0,60.0,412.43711635044633
-20.0,63.0,415.21762230282746
-20.0,66.0,417.6328125000001
-20.0,69.0,419.74833751860115
-20.0,72.0,421.45204380580344
-20.0,75.0,422.51991489955344
-20.0,78.0,423.15399460565476
-20.0,81.0,423.2969680059523
-20.0,84.0,422.7594052269344
-20.0,87.0,421.681884765625
-20.0,90.0,420.31847563244054
-20.0,93.0,418.82041713169644
-20.0,96.0,417.10794503348217
-20.0,99.0,415.2727399553571
-20.0,102.0,413.41455078124983
-20.0,105.0,411.4891648065477
-20.0,108.0,409.6775134858631
-20.0,111.0,407.8358561197916
-20.0,114.0,405.94524274553567
-20.0,117.0,403.9183989025298
-20.0,120.0,401.591575985863
-20.0,123.0,399.1940336681547
-20.0,126.0,396.93407040550596
-20.0,129.0,394.7940964471726
-20.0,132.0,392.40487816220235
-20.0,135.0,389.65522693452374
-20.0,138.0,386.89228748139885
-20.0,141.0,384.2981654575893
-20.0,144.0,381.72524879092254
-20.0,147.0,379.0687895275298
-20.0,150.0,376.3836146763392
-20.0,153.0,373.6383579799108
-20.0,156.0,370.96290225074415
-20.0,159.0,368.41843377976187
-20.0,162.0,366.11462983630946
-20.0,165.0,364.06937081473217
-20.0,168.0,362.25541759672603
-20.0,171.0,360.7460239955358
-20.0,174.0,359.47921316964295
-20.0,177.0,358.53702799479163
-20.0,180.0,358.1480189732143
-10.0,0.0,369.33523995535717
-10.0,3.0,369.62170991443463
-10.0,6.0,370.21169317336296
-10.0,9.0,371.36675734747024
-10.0,12.0,373.39269438244054
-10.0,15.0,376.08613513764885
-10.0,18.0,378.92061941964283
-10.0,21.0,381.96973818824415
-10.0,24.0,384.7645670572917
-10.0,27.0,387.2422688802082
-10.0,30.0,389.7529529389881
-10.0,33.0,392.4537062872026
-10.0,36.0,395.03707449776795
-10.0,39.0,397.4873163132439
-10.0,42.0,399.7677757626487
-10.0,45.0,402.0976678757442
-10.0,48.0,404.65892392113096
-10.0,51.0,407.5005812872024
-10.0,54.0,410.41543433779754
-10.0,57.0,413.1702938988094
-10.0,60.0,416.0690336681547
-10.0,63.0,418.7316545758929
-10.0,66.0,420.96752929687506
-10.0,69.0,422.9623442150297
-10.0,72.0,424.4408830915179
-10.0,75.0,425.2125418526786
-10.0,78.0,425.56455775669656
-10.0,81.0,425.3739885602676
-10.0,84.0,424.5193336123512
-10.0,87.0,423.1399042038691
-10.0,90.0,421.51698521205356
-10.0,93.0,419.72875976562506
-10.0,96.0,417.7628464471724
-10.0,99.0,415.68663969494037
-10.0,102.0,413.64039248511904
-10.0,105.0,411.5872512090773
-10.0,108.0,409.5948660714286
-10.0,111.0,407.53519112723217
-10.0,114.0,405.4612862723215
-10.0,117.0,403.16562034970235
-10.0,120.0,400.61231631324404
-10.0,123.0,398.0254952566964
-10.0,126.0,395.535853794643
-10.0,129.0,393.082763671875
-10.0,132.0,390.3704194568452
-10.0,135.0,387.3359607514882
-10.0,138.0,384.3538876488096
-10.0,141.0,381.50661504836313
-10.0,144.0,378.5827404203868
-10.0,147.0,375.65658714657746
-10.0,150.0,372.71914527529754
-10.0,153.0,369.75019763764885
-10.0,156.0,366.86571103050596
-10.0,159.0,364.20736839657746
-10.0,162.0,361.8960193452382
-10.0,165.0,359.8908458891368
-10.0,168.0,358.06620861235115
-10.0,171.0,356.5191359747024
-10.0,174.0,355.2647646949404
-10.0,177.0,354.4073428199404
-10.0,180.0,354.0541294642857
0.0,0.0,374.5619419642857
0.0,3.0,374.81223260788715
0.0,6.0,375.3989025297619
0.0,9.0,376.54964192708326
0.0,12.0,378.62351190476176
0.0,15.0,381.36853608630975
0.0,18.0,384.3244512648809
0.0,21.0,387.44017392113074
0.0,24.0,390.22451636904776
0.0,27.0,392.65459914434507
0.0,30.0,395.1237327938988
0.0,33.0,397.7243536086309
0.0,36.0,400.13169642857144
0.0,39.0,402.35575939360115
0.0,42.0,404.41317894345246
0.0,45.0,406.57885742187506
0.0,48.0,408.9312220982142
0.0,51.0,411.5664178757442
0.0,54.0,414.30689639136904
0.0,57.0,416.9185384114583
0.0,60.0,419.70026506696445
0.0,63.0,422.2105305989581
0.0,66.0,424.28873697916663
0.0,69.0,426.11890811011915
0.0,72.0,427.3839169456845
0.0,75.0,427.83427501860126
0.0,78.0,427.8501557849702
0.0,81.0,427.34499395461324
0.0,84.0,426.16344633556554
0.0,87.0,424.5059872581846
0.0,90.0,422.577659970238
0.0,93.0,420.511207217262
0.0,96.0,418.28738839285717
0.0,99.0,416.04487537202385
0.0,102.0,413.8057570684523
0.0,105.0,411.5992489769346
0.0,108.0,409.4057617187499
0.0,111.0,407.1558430989583
0.0,114.0,404.8877766927084
0.0,117.0,402.31368582589295
0.0,120.0,399.52085658482156
0.0,123.0,396.76721772693446
0.0,126.0,394.0138346354167
0.0,129.0,391.2505929129465
0.0,132.0,388.19798642113085
0.0,135.0,384.92919921874994
0.0,138.0,381.6845470610118
0.0,141.0,378.5257510230655
0.0,144.0,375.31849888392856
0.0,147.0,372.17260742187494
0.0,150.0,369.0470726376488
0.0,153.0,365.8501441592263
0.0,156.0,362.8205566406252
0.0,159.0,360.1287434895833
0.0,162.0,357.8012579055059
0.0,165.0,355.7966889880952
0.0,168.0,353.9701102120536
0.0,171.0,352.44110398065476
0.0,174.0,351.18403552827374
0.0,177.0,350.42425827752976
0.0,180.0,350.13113839285717
10.0,0.0,379.66796875
10.0,3.0,379.9118884858632
10.0,6.0,380.45522925967265
10.0,9.0,381.6148856026785
10.0,12.0,383.6966145833333
10.0,15.0,386.4320475260415
10.0,18.0,389.4933035714286
10.0,21.0,392.67011951264885
10.0,24.0,395.4564150855656
10.0,27.0,397.89425223214283
10.0,30.0,400.36466471354174
10.0,33.0,402.86675734747035
10.0,36.0,405.16112118675585
10.0,39.0,407.16328357514885
10.0,42.0,409.0363304501489
10.0,45.0,411.0021391369048
10.0,48.0,413.1755952380953
10.0,51.0,415.6027367001488
10.0,54.0,418.15462239583337
10.0,57.0,420.66579473586313
10.0,60.0,423.3021530877976
10.0,63.0,425.64110165550596
10.0,66.0,427.58437965029754
10.0,69.0,429.2167968750001
10.0,72.0,430.19878859747024
10.0,75.0,430.3048386346725
10.0,78.0,430.0476888020834
10.0,81.0,429.23366582961324
10.0,84.0,427.70166015625006
10.0,87.0,425.7419782366073
10.0,90.0,423.50783575148813
10.0,93.0,421.18257068452385
10.0,96.0,418.75859142485115
10.0,99.0,416.3262765066965
10.0,102.0,413.90218098958326
10.0,105.0,411.53288922991067
10.0,108.0,409.1308244977679
10.0,111.0,406.7040201822917
10.0,114.0,404.20175316220246
10.0,117.0,401.3649786086309
10.0,120.0,398.34971400669644
10.0,123.0,395.39184570312483
10.0,126.0,392.3931942894345
10.0,129.0,389.34109933035705
10.0,132.0,385.9490559895833
10.0,135.0,382.44861421130946
10.0,138.0,378.86275809151783
10.0,141.0,375.39808872767867
10.0,144.0,372.0203334263394
10.0,147.0,368.6848493303572
10.0,150.0,365.3396809895831
10.0,153.0,361.9884672619048
10.0,156.0,358.86967540922615
10.0,159.0,356.15922619047615
10.0,162.0,353.8042573474701
10.0,165.0,351.79974655877976
10.0,168.0,349.9945242745535
10.0,171.0,348.46709914434524
10.0,174.0,347.2522670200892
10.0,177.0,346.58816964285705
10.0,180.0,346.32254464285717
20.0,0.0,384.72098214285717
20.0,3.0,385.0320754278273
20.0,6.0,385.58291480654765
20.0,9.0,386.74386160714295
20.0,12.0,388.83027576264874
20.0,15.0,391.56587146577374
20.0,18.0,394.6941964285714
20.0,21.0,397.90659877232144
20.0,24.0,400.6700265066964
20.0,27.0,403.0978073846727
20.0,30.0,405.53638857886904
20.0,33.0,407.9205961681547
20.0,36.0,410.05532691592276
20.0,39.0,411.8511555989583
20.0,42.0,413.58535621279736
20.0,45.0,415.41305106026783
20.0,48.0,417.39281063988074
20.0,51.0,419.63264973958326
20.0,54.0,421.9908505394345
20.0,57.0,424.3889973958333
20.0,60.0,426.8654203869047
20.0,63.0,429.0086495535712
20.0,66.0,430.82234700520826
20.0,69.0,432.20908900669656
20.0,72.0,432.8433547247024
20.0,75.0,432.71485537574404
20.0,78.0,432.16680617559535
20.0,81.0,431.0143345424109
20.0,84.0,429.0991675967262
20.0,87.0,426.85784040178584
20.0,90.0,424.3237537202383
20.0,93.0,421.75796363467265
20.0,96.0,419.15165783110115
20.0,99.0,416.5100097656251
20.0,102.0,413.9254789806549
20.0,105.0,411.3580729166667
20.0,108.0,408.75953311011904
20.0,111.0,406.14191545758916
20.0,114.0,403.41210937500006
20.0,117.0,400.3034086681548
20.0,120.0,397.0888671874999
20.0,123.0,393.92061941964283
20.0,126.0,390.708716982887
20.0,129.0,387.33270554315476
20.0,132.0,383.65666852678567
20.0,135.0,379.8359142485119
20.0,138.0,375.9390927269345
20.0,141.0,372.2631603422619
20.0,144.0,368.72556268601176
20.0,147.0,365.19194103422626
20.0,150.0,361.61959402901783
20.0,153.0,358.19595191592254
20.0,156.0,355.0340401785714
20.0,159.0,352.28992280505946
20.0,162.0,349.9213867187502
20.0,165.0,347.91723632812494
20.0,168.0,346.1313825334821
20.0,171.0,344.61274646577385
20.0,174.0,343.47292364211324
20.0,177.0,342.85566638764885
20.0,180.0,342.6429966517857
30.0,0.0,389.9546595982143
30.0,3.0,390.2828311011905
30.0,6.0,390.83088030133916
30.0,9.0,392.0038248697917
30.0,12.0,394.0815313430059
30.0,15.0,396.8163946242559
30.0,18.0,400.0113699776785
30.0,21.0,403.2285737537202
30.0,24.0,405.97223772321416
30.0,27.0,408.36103748139885
30.0,30.0,410.7414202008929
30.0,33.0,412.98929268973217
30.0,36.0,414.9325125558035
30.0,39.0,416.4928269159228
30.0,42.0,418.08276367187494
30.0,45.0,419.7573823474701
30.0,48.0,421.59826078869054
30.0,51.0,423.64577520461324
30.0,54.0,425.80672200520837
30.0,57.0,428.0838332403273
30.0,60.0,430.3522484188989
30.0,63.0,432.2913178943452
30.0,66.0,433.94952101934524
30.0,69.0,435.0795084635416
30.0,72.0,435.3895438058035
30.0,75.0,435.0218215215775
30.0,78.0,434.16601562499994
30.0,81.0,432.60563151041663
30.0,84.0,430.37756928943446
30.0,87.0,427.84844680059535
30.0,90.0,425.0615699404761
30.0,93.0,422.24583798363096
30.0,96.0,419.43124534970224
30.0,99.0,416.6035737537201
30.0,102.0,413.8342401413691
30.0,105.0,411.05739629836313
30.0,108.0,408.27899460565476
30.0,111.0,405.461669921875
30.0,114.0,402.46430896577385
30.0,117.0,399.1358584449405
30.0,120.0,395.7338983444939
30.0,123.0,392.34856305803567
30.0,126.0,388.87863885788687
30.0,129.0,385.2000906808037
30.0,132.0,381.2400134858632
30.0,135.0,377.10649181547626
30.0,138.0,373.0103817894345
30.0,141.0,369.1471470424107
30.0,144.0,365.41539946056537
30.0,147.0,361.6700613839285
30.0,150.0,357.94148763020837
30.0,153.0,354.45333426339283
30.0,156.0,351.27479771205356
30.0,159.0,348.5021275111608
30.0,162.0,346.14215959821433
30.0,165.0,344.1480189732141
30.0,168.0,342.39254324776783
30.0,171.0,340.8733375186012
30.0,174.0,339.81778971354163
30.0,177.0,339.2140880766368
30.0,180.0,339.00669642857144
40.0,0.0,395.32924107142856
40.0,3.0,395.6778273809525
40.0,6.0,396.2349097842263
40.0,9.0,397.4062151227677
40.0,12.0,399.4808523995535
40.0,15.0,402.21221633184524
40.0,18.0,405.44153413318446
40.0,21.0,408.6628650483632
40.0,24.0,411.381603422619
40.0,27.0,413.7262951078868
40.0,30.0,415.99638439360115
40.0,33.0,418.07104492187494
40.0,36.0,419.8183361235119
40.0,39.0,421.14769345238096
40.0,42.0,422.57220749627976
40.0,45.0,424.0576288132441
40.0,48.0,425.76876395089283
40.0,51.0,427.6312430245535
40.0,54.0,429.5986909412204
40.0,57.0,431.7150065104167
40.0,60.0,433.7835751488095
40.0,63.0,435.4898623511904
40.0,66.0,436.9393949962799
40.0,69.0,437.8283575148812
40.0,72.0,437.8052687872023
40.0,75.0,437.2001255580359
40.0,78.0,436.0260765438987
40.0,81.0,434.0693475632441
40.0,84.0,431.5409109933036
40.0,87.0,428.755859375
40.0,90.0,425.7478724888393
40.0,93.0,422.6846865699405
40.0,96.0,419.61739676339283
40.0,99.0,416.60689871651783
40.0,102.0,413.6699800037203
40.0,105.0,410.6903366815475
40.0,108.0,407.7081356956845
40.0,111.0,404.6804896763393
40.0,114.0,401.41957310267867
40.0,117.0,397.89980933779765
40.0,120.0,394.31513904389885
40.0,123.0,390.70439220610115
40.0,126.0,386.9824102492561
40.0,129.0,382.966552734375
40.0,132.0,378.74262927827385
40.0,135.0,374.35382952008933
40.0,138.0,370.0795084635418
40.0,141.0,366.02647181919656
40.0,144.0,362.10518973214283
40.0,147.0,358.1729445684524
40.0,150.0,354.3296014694942
40.0,153.0,350.78084309895854
40.0,156.0,347.5984351748512
40.0,159.0,344.80974469866067
40.0,162.0,342.46361142113085
40.0,165.0,340.48865327380946
40.0,168.0,338.7571963355655
40.0,171.0,337.2379673549106
40.0,174.0,336.25624302455356
40.0,177.0,335.680443173363
40.0,180.0,335.37318638392856
50.0,0.0,400.86704799107144
50.0,3.0,401.2115652901785
50.0,6.0,401.78690011160705
50.0,9.0,402.95371791294644
50.0,12.0,405.0320056733631
50.0,15.0,407.76284644717265
50.0,18.0,410.9767368861608
50.0,21.0,414.19458007812506
50.0,24.0,416.89965820312494
50.0,27.0,419.2015671502977
50.0,30.0,421.3280087425596
50.0,33.0,423.2083798363095
50.0,36.0,424.67824590773813
50.0,39.0,425.80954706101176
50.0,42.0,427.07504417782724
50.0,45.0,428.3720121837797
50.0,48.0,429.91157459077385
50.0,51.0,431.58410063244054
50.0,54.0,433.3671293712798
50.0,57.0,435.3163597470238
50.0,60.0,437.1601795014879
50.0,63.0,438.6288364955357
50.0,66.0,439.78119187128
50.0,69.0,440.4220958891369
50.0,72.0,440.08469354538687
50.0,75.0,439.2084728422618
50.0,78.0,437.69923037574415
50.0,81.0,435.3843819754464
50.0,84.0,432.6178966703868
50.0,87.0,429.59094819568446
50.0,90.0,426.36163039434524
50.0,93.0,423.0274135044643
50.0,96.0,419.7129487537203
50.0,99.0,416.5520135788691
50.0,102.0,413.4177827380953
50.0,105.0,410.240478515625
50.0,108.0,407.03662109374994
50.0,111.0,403.78765578497024
50.0,114.0,400.2951311383928
50.0,117.0,396.5900413876488
50.0,120.0,392.8118722098217
50.0,123.0,388.9691917782738
50.0,126.0,384.9865838913688
50.0,129.0,380.6373930431548
50.0,132.0,376.21718052455356
50.0,135.0,371.5829496837799
50.0,138.0,367.1276157924108
50.0,141.0,362.90425037202374
50.0,144.0,358.79883975074415
50.0,147.0,354.716796875
50.0,150.0,350.77262369791663
50.0,153.0,347.19843982514885
50.0,156.0,344.00968424479174
50.0,159.0,341.2271205357144
50.0,162.0,338.89067150297615
50.0,165.0,336.9302222842262
50.0,168.0,335.190697079613
50.0,171.0,333.6710960751488
50.0,174.0,332.7563825334822
50.0,177.0,332.2326078869049
50.0,180.0,331.86941964285717
60.0,0.0,406.5869140625
60.0,3.0,406.9006928943452
60.0,6.0,407.49031575520826
60.0,9.0,408.66242327008945
60.0,12.0,410.7474888392857
60.0,15.0,413.45934477306565
60.0,18.0,416.6280575706846
60.0,21.0,419.8441103980655
60.0,24.0,422.52793666294644
60.0,27.0,424.771251860119
60.0,30.0,426.7145182291667
60.0,33.0,428.39046223958337
60.0,36.0,429.57607886904754
60.0,39.0,430.5194614955357
60.0,42.0,431.5882975260416
60.0,45.0,432.70682198660717
60.0,48.0,434.07261439732133
60.0,51.0,435.54484049479163
60.0,54.0,437.1410784040178
60.0,57.0,438.92589750744054
60.0,60.0,440.47319103422615
60.0,63.0,441.65733119419644
60.0,66.0,442.52914574032746
60.0,69.0,442.85986328124994
60.0,72.0,442.25551060267856
60.0,75.0,441.0589657738096
60.0,78.0,439.1719215029762
60.0,81.0,436.5716378348214
60.0,84.0,433.60527111235126
60.0,87.0,430.3582589285714
60.0,90.0,426.8765811011906
60.0,93.0,423.27144949776783
60.0,96.0,419.73940894717265
60.0,99.0,416.4100051153274
60.0,102.0,413.0977725074407
60.0,105.0,409.72667875744054
60.0,108.0,406.2969796316964
60.0,111.0,402.8052804129465
60.0,114.0,399.09136672247
60.0,117.0,395.22853887648796
60.0,120.0,391.2179943266369
60.0,123.0,387.14338030133933
60.0,126.0,382.833984375
60.0,129.0,378.2647181919643
60.0,132.0,373.65566871279754
60.0,135.0,368.8033854166668
60.0,138.0,364.1736537388393
60.0,141.0,359.7872488839285
60.0,144.0,355.5171828497025
60.0,147.0,351.3146740141369
60.0,150.0,347.29092261904776
60.0,153.0,343.70694986979186
60.0,156.0,340.51441592261915
60.0,159.0,337.75590587797615
60.0,162.0,335.4230143229167
60.0,165.0,333.46335565476187
60.0,168.0,331.6904878162201
60.0,171.0,330.1795944940476
60.0,174.0,329.3094540550595
60.0,177.0,328.79888625372024
60.0,180.0,328.44935825892856
70.0,0.0,412.5209263392857
70.0,3.0,412.73611886160717
70.0,6.0,413.3395414806548
70.0,9.0,414.5395275297619
70.0,12.0,416.63949730282735
70.0,15.0,419.3034086681549
70.0,18.0,422.40311104910705
70.0,21.0,425.61535063244054
70.0,24.0,428.27192615327385
70.0,27.0,430.4297572544642
70.0,30.0,432.13811383928584
70.0,33.0,433.58663504464283
70.0,36.0,434.50598725818446
70.0,39.0,435.29337565104163
70.0,42.0,436.1321730840773
70.0,45.0,437.0866466703868
70.0,48.0,438.2524879092263
70.0,51.0,439.5091727120535
70.0,54.0,440.9215727306547
70.0,57.0,442.51455543154765
70.0,60.0,443.7079031808035
70.0,63.0,444.619396391369
70.0,66.0,445.1863025483631
70.0,69.0,445.16466703869054
70.0,72.0,444.28836495535717
70.0,75.0,442.7669852120536
70.0,78.0,440.5342378162203
70.0,81.0,437.6824544270835
70.0,84.0,434.55214146205356
70.0,87.0,431.01107933407735
70.0,90.0,427.3007347470236
70.0,93.0,423.44047619047615
70.0,96.0,419.6863025483629
70.0,99.0,416.2087402343751
70.0,102.0,412.70714750744054
70.0,105.0,409.12268647693435
70.0,108.0,405.4710984002976
70.0,111.0,401.7267020089285
70.0,114.0,397.81479027157724
70.0,117.0,393.78955078125006
70.0,120.0,389.535865420387
70.0,123.0,385.2239583333334
70.0,126.0,380.6032017299108
70.0,129.0,375.8658737909227
70.0,132.0,371.03764415922615
70.0,135.0,365.986839657738
70.0,138.0,361.2259579613095
70.0,141.0,356.6828264508929
70.0,144.0,352.27558826264874
70.0,147.0,347.93662806919644
70.0,150.0,343.89033435639885
70.0,153.0,340.3096981956846
70.0,156.0,337.1243489583333
70.0,159.0,334.376476469494
70.0,162.0,332.03779529389885
70.0,165.0,330.06445312499994
70.0,168.0,328.2589518229165
70.0,171.0,326.77176339285717
70.0,174.0,325.913597470238
70.0,177.0,325.4240606398809
70.0,180.0,325.1304408482143
80.0,0.0,418.61049107142856
80.0,3.0,418.7329682849701
80.0,6.0,419.3511090959821
80.0,9.0,420.5931687127974
80.0,12.0,422.68750000000017
80.0,15.0,425.28393554687506
80.0,18.0,428.3106166294644
80.0,21.0,431.5106956845238
80.0,24.0,434.1507975260417
80.0,27.0,436.13238234747024
80.0,30.0,437.6071661086311
80.0,33.0,438.7746000744046
80.0,36.0,439.4392671130951
80.0,39.0,440.05600120907735
80.0,42.0,440.6909063430059
80.0,45.0,441.4686221168156
80.0,48.0,442.4212355840775
80.0,51.0,443.4578450520834
80.0,54.0,444.67153785342265
80.0,57.0,445.95227632068446
80.0,60.0,446.87281436011904
80.0,63.0,447.47927129836313
80.0,66.0,447.7580798921129
80.0,69.0,447.3954613095237
80.0,72.0,446.23087565104163
80.0,75.0,444.39872814360126
80.0,78.0,441.811755952381
80.0,81.0,438.72742280505946
80.0,84.0,435.37343052455367
80.0,87.0,431.58385649181537
80.0,90.0,427.64103190104146
80.0,93.0,423.53286597842265
80.0,96.0,419.5881231398809
80.0,99.0,415.96203031994054
80.0,102.0,412.2526041666666
80.0,105.0,408.4510788690475
80.0,108.0,404.5577450706845
80.0,111.0,400.5608840215774
80.0,114.0,396.4698660714285
80.0,117.0,392.22274925595224
80.0,120.0,387.75215076264885
80.0,123.0,383.18554687499994
80.0,126.0,378.34272693452385
80.0,129.0,373.44813755580367
80.0,132.0,368.36003766741067
80.0,135.0,363.16323707217265
80.0,138.0,358.2917712983632
80.0,141.0,353.6094563802084
80.0,144.0,349.0700334821428
80.0,147.0,344.6204427083335
80.0,150.0,340.56981259300585
80.0,153.0,336.9943731398809
80.0,156.0,333.82678803943446
80.0,159.0,331.0771484375
80.0,162.0,328.7243303571429
80.0,165.0,326.7290155319939
80.0,168.0,324.898449125744
80.0,171.0,323.456554594494
80.0,174.0,322.58716982886904
80.0,177.0,322.13217308407735
80.0,180.0,321.89383370535717
90.0,0.0,424.7963169642857
90.0,3.0,424.89013671874994
90.0,6.0,425.54960704985115
90.0,9.0,426.82675316220246
90.0,12.0,428.87599981398824
90.0,15.0,431.39989071800596
90.0,18.0,434.36739676339266
90.0,21.0,437.5406784784225
90.0,24.0,440.1276739211309
90.0,27.0,441.87817382812517
90.0,30.0,443.11479259672626
90.0,33.0,443.9904552641368
90.0,36.0,444.40414574032735
90.0,39.0,444.78578404017856
90.0,42.0,445.2512555803571
90.0,45.0,445.8527250744049
90.0,48.0,446.58915783110115
90.0,51.0,447.4010997953868
90.0,54.0,448.41137695312506
90.0,57.0,449.3292061941963
90.0,60.0,449.9755161830357
90.0,63.0,450.27634393601187
90.0,66.0,450.242710658482
90.0,69.0,449.5642671130951
90.0,72.0,448.0995977492559
90.0,75.0,445.9166317894346
90.0,78.0,443.00921921502976
90.0,81.0,439.70222981770837
90.0,84.0,436.0818103608632
90.0,87.0,432.0897739955359
90.0,90.0,427.89384533110115
90.0,93.0,423.5820893787203
90.0,96.0,419.47357468377976
90.0,99.0,415.6586914062501
90.0,102.0,411.74047851562483
90.0,105.0,407.68882533482156
90.0,108.0,403.56624348958337
90.0,111.0,399.3298688616072
90.0,114.0,395.0464564732144
90.0,117.0,390.57547433035717
90.0,120.0,385.851318359375
90.0,123.0,381.07306780133933
90.0,126.0,376.06544131324426
90.0,129.0,370.995349702381
90.0,132.0,365.6574125744049
90.0,135.0,360.3467959449405
90.0,138.0,355.3692336309524
90.0,141.0,350.560802641369
90.0,144.0,345.90756370907724
90.0,147.0,341.3848005022321
90.0,150.0,337.32291666666663
90.0,153.0,333.7563011532739
90.0,156.0,330.6009579613095
90.0,159.0,327.8361118861608
90.0,162.0,325.481701078869
90.0,165.0,323.45583379836324
90.0,168.0,321.6126185825893
90.0,171.0,320.2172386532738
90.0,174.0,319.3136742001488
90.0,177.0,318.8706868489584
90.0,180.0,318.6767578125
100.0,0.0,431.19070870535717
100.0,3.0,431.23771158854174
100.0,6.0,431.9456961495536
100.0,9.0,433.23292178199415
100.0,12.0,435.1932547433036
100.0,15.0,437.6689104352678
100.0,18.0,440.57503255208337
100.0,21.0,443.68030366443446
100.0,24.0,446.1474144345238
100.0,27.0,447.674060639881
100.0,30.0,448.67614164806554
100.0,33.0,449.208751860119
100.0,36.0,449.3964494977678
100.0,39.0,449.55851236979174
100.0,42.0,449.84443591889885
100.0,45.0,450.25158110119065
100.0,48.0,450.76479957217265
100.0,51.0,451.3657575334821
100.0,54.0,452.0936221168156
100.0,57.0,452.6853376116072
100.0,60.0,453.00403413318463
100.0,63.0,452.99453590029765
100.0,66.0,452.64581008184524
100.0,69.0,451.6733747209822
100.0,72.0,449.8845796130953
100.0,75.0,447.3396461123513
100.0,78.0,444.13402157738096
100.0,81.0,440.59144810267844
100.0,84.0,436.6954636346726
100.0,87.0,432.5252511160715
100.0,90.0,428.08471679687517
100.0,93.0,423.60880533854163
100.0,96.0,419.3220331101191
100.0,99.0,415.28729538690476
100.0,102.0,411.12489536830344
100.0,105.0,406.85366675967265
100.0,108.0,402.4915015811012
100.0,111.0,398.0245884486608
100.0,114.0,393.5545014880951
100.0,117.0,388.8506091889882
100.0,120.0,383.8759998139881
100.0,123.0,378.88739304315476
100.0,126.0,373.7474772135415
100.0,129.0,368.48807198660717
100.0,132.0,362.9464285714286
100.0,135.0,357.54675874255946
100.0,138.0,352.4607398623512
100.0,141.0,347.543236142113
100.0,144.0,342.79438709077385
100.0,147.0,338.2334681919643
100.0,150.0,334.16015625000006
100.0,153.0,330.5811825706845
100.0,156.0,327.43813941592265
100.0,159.0,324.66581798735126
100.0,162.0,322.30857049851204
100.0,165.0,320.24974423363096
100.0,168.0,318.39847237723217
100.0,171.0,317.02762276785717
100.0,174.0,316.07084728422626
100.0,177.0,315.61113048735115
100.0,180.0,315.4575892857143
